Voltage_measured,Current_measured,Temperature_measured,Current_load,Voltage_load,Time
4.246711253516259,0.0002523886105860831,6.212696115916043,0.0002,0.0,0.0
4.246764125510136,-0.0014110647362388163,6.234018870000787,0.0002,4.262,9.36
4.039277018171289,-0.9950934118049801,6.250254735870466,1.0,3.465,23.281
4.019506433278611,-0.9967310600613466,6.3021756591391584,1.0,3.451,36.406
4.004763260680274,-0.9928446352399166,6.361644677784643,1.0,3.438,49.625
3.992862708424408,-0.9959566094030224,6.3996923588972825,1.0,3.427,62.813
3.982346795099297,-0.9946648032078992,6.23361305198984,1.0,3.419,75.89099999999999
3.9724578113821183,-0.9987529288284779,5.984853971653922,1.0,3.4,89.031
3.9637400413432737,-0.9941397917087201,5.857701988766819,1.0,3.391,102.141
3.955432272676673,-0.9937968630394283,5.772313170034769,1.0,3.386,115.297
3.947905974663914,-0.9941198611582432,5.6509740843492455,1.0,3.381,128.438
3.940774900997409,-0.9951935027793659,5.571673053475088,1.0,3.376,141.578
3.933846618548325,-0.9956941482618694,5.515714320491757,1.0,3.37,154.719
3.9273923546175737,-0.9940850873517164,5.4568091229908875,1.0,3.366,167.813
3.9211979790578178,-0.9950662880111943,5.378785107690307,1.0,3.361,180.906
3.915208326950005,-0.9965696991693939,5.314407193763756,1.0,3.355,194.0
3.909650115868643,-0.9951613853874831,5.274538338221796,1.0,3.351,207.11
3.904190136270511,-0.994442528618331,5.174515866306435,1.0,3.346,220.219
3.898996130971163,-0.9952093480998665,5.129142434341374,1.0,3.341,233.313
3.893760440969397,-0.9957485990432231,5.0080842944609065,1.0,3.337,246.422
3.888806462195429,-0.9941803955256571,5.0513007595673205,1.0,3.332,259.547
3.884369300425002,-0.994410212815932,5.242850809235625,1.0,3.328,272.625
3.880096698887316,-0.9964445294011435,5.3867348931750225,1.0,3.324,285.75
3.876255755266973,-0.9961923722011251,5.51397664323308,1.0,3.32,298.86
3.872645902645617,-0.9939479549284844,5.639390668885933,1.0,3.317,311.953
3.86915800564983,-0.9963734012434594,5.7583258473072965,1.0,3.314,325.094
3.866015371350042,-0.9951464867445037,5.832963155162861,1.0,3.311,338.172
3.862977664836382,-0.9943591514089719,5.915867236906388,1.0,3.308,351.235
3.860406957457223,-0.995296692602884,5.973522128048028,1.0,3.306,364.313
3.8574103612896185,-0.9935060430239315,6.037473774870282,1.0,3.303,377.406
3.854711367313613,-0.9942100515901466,6.112633317377791,1.0,3.301,390.516
3.8520056988643434,-0.9950611209001146,6.19076421543365,1.0,3.298,403.61
3.8496045007296327,-0.995206016542608,6.22875775299197,1.0,3.296,416.688
3.847234477772906,-0.9950955697446252,6.296519506121976,1.0,3.294,429.75
3.845001919852917,-0.9958643305396327,6.34122131523753,1.0,3.292,442.875
3.8427341381590816,-0.9956288361275436,6.394275142289426,1.0,3.29,455.922
3.840625625758544,-0.996504997539146,6.457729510968821,1.0,3.288,469.031
3.838447188776546,-0.9972706744973932,6.518485933903448,1.0,3.286,482.11
3.8364523101357952,-0.9966933900172557,6.573952637817425,1.0,3.284,495.235
3.834430074367508,-0.9949790996062884,6.623962079256748,1.0,3.282,508.313
3.83230302104837,-0.9951129908922156,6.674110923513634,1.0,3.28,521.391
3.830475960945287,-0.9954986454273824,6.726003781986401,1.0,3.278,534.469
3.828399404399783,-0.9963277314237113,6.804624308817502,1.0,3.276,547.578
3.826609993022845,-0.9962659175936134,6.841049855853733,1.0,3.275,560.641
3.8246024143409474,-0.9954347077256148,6.886019578096048,1.0,3.273,573.719
3.822756320577678,-0.9941063145303712,6.933161265981976,1.0,3.271,586.813
3.820908790985978,-0.9954643335212013,7.000959062412805,1.0,3.27,599.969
3.8190957665514342,-0.9946717627987917,7.045317695768369,1.0,3.268,613.078
3.817283113195826,-0.995318088142584,7.083648583752396,1.0,3.266,626.141
3.8152641791490463,-0.9954429139593627,7.129010663190527,1.0,3.264,639.25
3.813663784877481,-0.9965369280840296,7.189792086760854,1.0,3.262,652.36
3.81170310005412,-0.9949964407521323,7.227604996389768,1.0,3.26,665.453
3.809907427192365,-0.9962826417433585,7.287290052090583,1.0,3.258,678.469
3.807906799195623,-0.9952322277137801,7.345077897555986,1.0,3.256,691.594
3.80611910722536,-0.9932864998010256,7.377228607104127,1.0,3.254,704.719
3.804180801826383,-0.99646714834205,7.4240593195253215,1.0,3.253,717.813
3.8023697972773256,-0.9947588425720842,7.472801408236855,1.0,3.251,730.906
3.800441005029772,-0.9954323244495933,7.525452294819468,1.0,3.249,744.0
3.7986093978653774,-0.9976397809100185,7.547809576054494,1.0,3.247,757.156
3.79659838519063,-0.9952786208007839,7.607205521750932,1.0,3.246,770.235
3.7946730296337594,-0.9962399832623627,7.630981284550499,1.0,3.244,783.281
3.792815863957842,-0.9953861771994486,7.680971344527507,1.0,3.242,796.344
3.790841614490357,-0.9970099643891552,7.721158201653575,1.0,3.24,809.406
3.788828703999225,-0.995779247103005,7.7481279471710645,1.0,3.238,822.469
3.786995486891371,-0.995029959974381,7.806682940069068,1.0,3.236,835.61
3.7848459916565207,-0.9953164998798757,7.830478455083007,1.0,3.234,848.719
3.782873708848514,-0.9957343719317555,7.8602266169574495,1.0,3.232,861.828
3.780848583730336,-0.9959073208635747,7.885436181355095,1.0,3.23,874.891
3.7786938098152176,-0.995826285276172,7.916413610989186,1.0,3.228,887.969
3.776683536613519,-0.9950689456570211,7.959721784280496,1.0,3.226,901.063
3.774582179077702,-0.9948610032105965,7.998292255141301,1.0,3.224,914.156
3.7723544104300206,-0.9959289728012028,8.022614655135959,1.0,3.222,927.281
3.770197215335677,-0.9949926215027637,8.059762003102128,1.0,3.22,940.391
3.768093671387777,-0.9953089037288863,8.091633057842847,1.0,3.218,953.547
3.765989332306821,-0.9951208631426501,8.125330273628556,1.0,3.216,966.594
3.763990340041013,-0.9944615109736529,8.173968076030494,1.0,3.214,979.656
3.761961219652712,-0.9957692804043621,8.197198798220212,1.0,3.212,992.719
3.759717367935965,-0.9944744210439318,8.231139185327839,1.0,3.21,1005.828
3.7577617225027766,-0.9944723610872652,8.230115067753639,1.0,3.207,1018.953
3.755571558674588,-0.994123695230429,8.255355668501602,1.0,3.206,1032.016
3.753607860770124,-0.9969534443988302,8.27964589020932,1.0,3.204,1045.078
3.7512886322023578,-0.9943420410878725,8.29829627284041,1.0,3.201,1058.188
3.749279095316093,-0.9955355195292598,8.325840071201606,1.0,3.199,1071.313
3.747002790845624,-0.9957825256597401,8.363321204082151,1.0,3.197,1084.406
3.7451682874208494,-0.9969453226186638,8.409383018574989,1.0,3.195,1097.563
3.7431259403945343,-0.9956704595063078,8.446759891639683,1.0,3.193,1110.625
3.741237509626041,-0.9951106495177373,8.449758304396237,1.0,3.191,1123.703
3.7390344660326815,-0.994685736530522,8.471811692181753,1.0,3.19,1136.781
3.73706685877336,-0.9961079372902104,8.486003041786956,1.0,3.187,1149.875
3.735033527196567,-0.9952855341570285,8.496496508089924,1.0,3.185,1162.985
3.7332197371324503,-0.996326115093904,8.530907356216101,1.0,3.183,1176.047
3.731363881145008,-0.993839860282976,8.558322853519012,1.0,3.181,1189.156
3.729264025285725,-0.9930974495315241,8.585014592832911,1.0,3.18,1202.235
3.727398530118085,-0.9949567939055464,8.605322182817584,1.0,3.178,1215.328
3.725568492865293,-0.9957590084995643,8.610200871608058,1.0,3.176,1228.516
3.723618680964378,-0.994244528851099,8.624214693858512,1.0,3.174,1241.625
3.722012687914933,-0.9950411590663236,8.643997358454065,1.0,3.172,1254.75
3.7200796422062696,-0.9954014492734136,8.61953621351629,1.0,3.171,1267.828
3.718112634927389,-0.9948419023185047,8.455470431742864,1.0,3.169,1280.875
3.7161106537969233,-0.9941519734839064,8.220237723209046,1.0,3.167,1293.922
3.7138357695796183,-0.996111971440915,8.025831807824629,1.0,3.165,1307.0
3.711580109590676,-0.996016339513243,7.851163506079849,1.0,3.162,1320.11
3.7088908306616175,-0.9942114843811539,7.6258328691965565,1.0,3.16,1333.188
3.7064322799997726,-0.9955102645920286,7.502000270202232,1.0,3.158,1346.328
3.703725927720317,-0.9959129054256097,7.342150103324517,1.0,3.155,1359.453
3.701009577429229,-0.9951418813079677,7.177924044615382,1.0,3.152,1372.5
3.6983343324213207,-0.9974875737235147,7.0892261264530445,1.0,3.15,1385.578
3.695348869714776,-0.996694402715554,7.043927477707418,1.0,3.147,1398.656
3.6925543600194906,-0.9953324665155312,6.876555852848435,1.0,3.144,1411.735
3.6896750027953114,-0.9946481913420039,6.768934198457415,1.0,3.142,1424.875
3.686627722343095,-0.9950783056621598,6.676137520290696,1.0,3.139,1437.953
3.6835363226306255,-0.9954112912817182,6.470160273943063,1.0,3.136,1451.063
3.680597147005636,-0.9956968307414316,6.395082383354739,1.0,3.133,1464.203
3.6777047804044383,-0.9946478075725775,6.322070013092098,1.0,3.13,1477.297
3.674728270103477,-0.9949713764398862,6.412802534739604,1.0,3.127,1490.406
3.6719717756443,-0.9946676117777206,6.567600042506265,1.0,3.124,1503.531
3.669325574508143,-0.9941299798483466,6.626682440690733,1.0,3.122,1516.61
3.6668803845007294,-0.9945751835445829,6.70811056021845,1.0,3.12,1529.656
3.664589876961532,-0.994930117715106,6.760369110541842,1.0,3.117,1542.797
3.66259404193973,-0.9962034744793202,6.798377113104937,1.0,3.115,1555.875
3.6604347136435247,-0.9948563230341188,6.824123529291597,1.0,3.113,1568.938
3.65856435956502,-0.9938097060209097,6.8536713757334855,1.0,3.11,1582.016
3.656421312553391,-0.9963529316158264,6.894541376041041,1.0,3.108,1595.156
3.654683097722957,-0.9961187781623763,6.89883185488623,1.0,3.106,1608.203
3.65284206815776,-0.9960090703402016,6.928060524843283,1.0,3.105,1621.313
3.65082376795281,-0.9952234623538692,6.933217503588391,1.0,3.103,1634.453
3.649270669325941,-0.9974011940468874,6.9504476950247245,1.0,3.101,1647.531
3.6473633335840794,-0.9964950475031438,6.987606516630149,1.0,3.1,1660.61
3.645829033787948,-0.9968271242389126,7.007298182059514,1.0,3.098,1673.75
3.643899999619585,-0.9949330931473949,7.026648660216888,1.0,3.096,1686.813
3.642440899706927,-0.9949712251034812,7.044673370779933,1.0,3.094,1699.875
3.640786936254487,-0.9943299357158273,7.096530367808437,1.0,3.092,1713.0
3.639262890456272,-0.9939749292946963,7.091983188127175,1.0,3.09,1726.11
3.637602989212976,-0.9958179758828851,7.105520332465928,1.0,3.089,1739.188
3.636199151010372,-0.9961149613691316,7.152313213024637,1.0,3.088,1752.297
3.634581903513346,-0.9950450705516174,7.16921012325436,1.0,3.086,1765.438
3.633074472384529,-0.9961339895767802,7.191955334768585,1.0,3.084,1778.531
3.631587442617661,-0.9962057136887806,7.213497617773301,1.0,3.082,1791.61
3.630157402732151,-0.9960971241603039,7.2498527539567785,1.0,3.081,1804.766
3.6289464601105217,-0.9948889524026385,7.268872978045589,1.0,3.08,1817.828
3.627445259568148,-0.995132545223056,7.319358564826542,1.0,3.078,1830.922
3.625995843944692,-0.9950155851548838,7.339813876921313,1.0,3.078,1844.078
3.6247964335111935,-0.9950876649954635,7.386537779477706,1.0,3.076,1857.141
3.623276523942319,-0.9940225469907001,7.401948985169916,1.0,3.075,1870.203
3.621871006451532,-0.9952204927118687,7.417450890981731,1.0,3.074,1883.391
3.620455027114583,-0.9972202104470355,7.43443289144081,1.0,3.072,1896.453
3.61933439182665,-0.9955115288840111,7.457925470841088,0.9998,3.071,1909.563
3.617924650547357,-0.9953790878706019,7.475872381859504,1.0,3.07,1922.625
3.616557328054139,-0.996107639617136,7.5195456367811335,1.0,3.069,1935.719
3.615108029741642,-0.9956098660911824,7.531754041373613,1.0,3.068,1948.797
3.614014441750432,-0.9951686270397905,7.557120599679972,1.0,3.066,1961.922
3.612673145207526,-0.9962696895212658,7.564529257334956,1.0,3.065,1975.031
3.611472207668035,-0.9950310633929901,7.591484727048545,1.0,3.064,1988.125
3.610250883716974,-0.993717579054402,7.626175267453268,1.0,3.063,2001.219
3.608846264157264,-0.9953985682333553,7.657414462074324,1.0,3.062,2014.344
3.607704541232534,-0.9951174861903187,7.693010556547348,1.0,3.06,2027.485
3.606397898777781,-0.9957225181258293,7.700599588646982,1.0,3.06,2040.594
3.605120792369809,-0.9962704879830646,7.726846109890522,1.0,3.058,2053.656
3.60394870804158,-0.9970295462327292,7.744277050914205,1.0,3.057,2066.766
3.6027942540656963,-0.9948348398821282,7.783965272411576,1.0,3.056,2079.922
3.6015579118413616,-0.9952357853880275,7.780760770985912,1.0,3.054,2092.969
3.6003471487832583,-0.9954525921931435,7.832797993547363,1.0,3.053,2106.047
3.5990794720698536,-0.9957743377123539,7.828663595342509,1.0,3.052,2119.219
3.597894442689749,-0.9951756386081889,7.8573821535466575,1.0,3.051,2132.313
3.5966577933114543,-0.9951192097689834,7.8671947044360016,1.0,3.05,2145.438
3.595464034092617,-0.9949804312671499,7.904033324803994,1.0,3.048,2158.531
3.594305011457668,-0.9954199679815365,7.9292103322289105,1.0,3.048,2171.594
3.593076820352917,-0.9960453259400797,7.94505668461075,1.0,3.046,2184.703
3.59202884130152,-0.9948548451344977,7.981958437737483,1.0,3.046,2197.766
3.5907605470370214,-0.9952101698184135,7.988535944691643,1.0,3.044,2210.875
3.589696952364418,-0.9945219996861386,8.004632646802825,1.0,3.043,2223.969
3.588587503865808,-0.9954876126983337,8.028937993273097,1.0,3.042,2237.047
3.587371044630705,-0.9944270875057147,8.057898202119535,1.0,3.041,2250.094
3.586210110146122,-0.9944614966467894,8.078839961085674,1.0,3.04,2263.25
3.585018791582806,-0.9947554802342997,8.089568292605799,1.0,3.038,2276.391
3.5840171601947794,-0.9941425670423512,8.116380508609524,1.0,3.038,2289.547
3.582869298325823,-0.9947781597397972,8.150374377020546,1.0,3.036,2302.735
3.5817176068238727,-0.9941294753557005,8.172067197118894,1.0,3.035,2315.781
3.5805678869158437,-0.994265378621921,8.201583678466907,1.0,3.034,2328.86
3.579407215339581,-0.9950080412846722,8.197026272073884,1.0,3.033,2341.891
3.578299102918556,-0.9933248984029371,8.219764788257084,1.0,3.032,2355.0
3.577290689746073,-0.995128661487947,8.233502826479539,1.0,3.031,2368.094
3.576158693517963,-0.9943764064857548,8.26867194455713,1.0,3.03,2381.172
3.5750493466998514,-0.9965620561015277,8.301435304055556,1.0,3.028,2394.219
3.5739879568534088,-0.9937571238315818,8.328915484606934,1.0,3.028,2407.328
3.5729478836086157,-0.9956627212250377,8.344129332065382,1.0,3.027,2420.438
3.5718299798606488,-0.9946083366954795,8.375873203389485,1.0,3.026,2433.531
3.5709170125543466,-0.9952490780972957,8.391727371064583,1.0,3.024,2446.656
3.56961228207256,-0.9951879327311431,8.417643187311825,1.0,3.024,2459.797
3.568617068622861,-0.9953233287762937,8.443452126354595,1.0,3.022,2472.875
3.5675438453435997,-0.9947781381285752,8.476325306192667,1.0,3.022,2485.938
3.566512650570572,-0.9944161071861911,8.492796629845422,1.0,3.02,2499.11
3.565596382904656,-0.9942235113940424,8.512783316181316,1.0,3.02,2512.235
3.564504287068038,-0.9955858243142907,8.521589174390582,1.0,3.018,2525.328
3.5634754003444336,-0.9946893235554726,8.386474798207766,1.0,3.018,2538.453
3.5622786555168515,-0.994678935721806,8.10978510022735,1.0,3.016,2551.563
3.5607924718680453,-0.9943354568840029,7.926866331271257,1.0,3.015,2564.672
3.5592836865405264,-0.995581939515197,7.7230313791141265,1.0,3.013,2577.719
3.557413298793106,-0.99429355934188,7.611477249311324,1.0,3.012,2590.813
3.555665005059582,-0.9950370990588971,7.440895751789326,1.0,3.01,2603.875
3.553695453592202,-0.9950739265406496,7.228894507354611,1.0,3.008,2617.063
3.5516709298242195,-0.9940357706084627,7.108552982453752,1.0,3.006,2630.156
3.549415616584612,-0.995971221699016,6.991740673542078,1.0,3.004,2643.297
3.5474512191230727,-0.9953486569892899,6.8630307658425505,1.0,3.002,2656.375
3.5452697780172837,-0.9980512343337173,6.810625000618621,1.0,3.0,2669.469
3.542892532954708,-0.9972181588507624,6.7186806966943635,1.0,2.997,2682.516
3.5405729647023354,-0.9957278615622397,6.684842135119057,1.0,2.995,2695.625
3.5383409868687274,-0.9947639623492303,6.566989480150245,1.0,2.993,2708.719
3.536107816232528,-0.9958489810859337,6.48033721102521,1.0,2.991,2721.86
3.5335907686149874,-0.9952133543719285,6.356726719503908,1.0,2.989,2734.953
3.5314136887730534,-0.9954646392604467,6.277110259876935,1.0,2.986,2748.047
3.529023985739061,-0.9936486514665939,6.246106820563044,1.0,2.983,2761.219
3.5267368568115853,-0.9957747066469741,6.391443820264051,1.0,2.981,2774.328
3.524721027667165,-0.9963931743279743,6.55313906113403,1.0,2.979,2787.453
3.522720675532665,-0.9946163409910019,6.623197895390508,1.0,2.977,2800.5
3.52117817983667,-0.9950371997010057,6.698947948169448,1.0,2.975,2813.578
3.5194927906893407,-0.9944140972588877,6.777304818730721,1.0,2.974,2826.656
3.5181327978753525,-0.9946767013012892,6.828531112156355,1.0,2.973,2839.766
3.516606148816905,-0.9932374600180275,6.866229892000222,1.0,2.971,2852.891
3.5152393052882887,-0.9952709686830201,6.9177181241960675,1.0,2.97,2866.0
3.5140180160644707,-0.995403417134748,6.939549753609747,1.0,2.969,2879.141
3.512733621117712,-0.9955063739486019,6.983356213644738,1.0,2.967,2892.235
3.5116032930049923,-0.9951465789873,7.017733389342109,1.0,2.966,2905.422
3.510676901411592,-0.9945311149344411,7.063676629777511,1.0,2.965,2918.625
3.5094138198142018,-0.995100734604972,7.095416941446565,1.0,2.964,2931.766
3.508582448774273,-0.9953960222412729,7.118356526292543,1.0,2.963,2944.844
3.507498912074538,-0.9945743143227238,7.160872692958306,1.0,2.961,2957.938
3.5064281400654997,-0.9952086971003611,7.2052288597627925,1.0,2.961,2971.016
3.505334425369491,-0.9953746908846127,7.238210683447451,1.0,2.96,2984.156
3.50454778435222,-0.9938045183757434,7.278152087747973,1.0,2.959,2997.266
3.503598149937573,-0.995034083134179,7.325664768234707,1.0,2.958,3010.328
3.502804920612841,-0.9971200561215173,7.377788253397238,1.0,2.957,3023.469
3.501878730015512,-0.9948573041475083,7.397144034960463,1.0,2.956,3036.547
3.5009717821303985,-0.9953914335392272,7.406891237096593,1.0,2.955,3049.625
3.500140524791773,-0.9951151811676435,7.451504088760228,1.0,2.955,3062.719
3.499212874266527,-0.9957233177304915,7.488814549784118,1.0,2.953,3075.875
3.498516477412692,-0.9951244973493767,7.541218379473689,1.0,2.953,3088.985
3.4977376120597645,-0.9962234880899085,7.585405703283428,1.0,2.952,3102.156
3.4967819465700187,-0.996199603375679,7.585648800327981,1.0,2.951,3115.328
3.495946248401124,-0.9964922271472626,7.647061881344153,1.0,2.951,3128.422
3.495189490388214,-0.9953127951692624,7.666215446975053,1.0,2.949,3141.485
3.4945290642245936,-0.9959997989127815,7.704642465237726,1.0,2.949,3154.594
3.4936696980341746,-0.9952256862684167,7.761006683152262,1.0,2.948,3167.703
3.4930367673667986,-1.0011013482434699,7.792101019669969,1.0,2.947,3180.844
3.4923282264992834,-0.9947802541248976,7.859331457327775,1.0,2.947,3193.969
3.491563543275591,-0.9955258824609446,7.876608840371361,1.0,2.946,3207.016
3.490625992098114,-0.9951252811642142,7.907580870328807,1.0,2.945,3220.11
3.489994490717841,-0.9956497823154681,7.939647659362787,1.0,2.945,3233.188
3.489338763592346,-0.9959470240285405,7.999870648504962,1.0,2.944,3246.266
3.488657802959221,-0.9951839740857757,8.027799387921185,1.0,2.943,3259.344
3.48789001240067,-0.9940946643097319,8.02804767165312,1.0,2.943,3272.485
3.4873508254141408,-0.9958942056563285,8.046394613461613,1.0,2.942,3285.563
3.486454599160414,-0.9970391322666093,8.094251947834934,1.0,2.941,3298.735
3.485661118821138,-0.9950915145677802,8.123025498422633,1.0,2.941,3311.828
3.4850219534636984,-0.9967539111586705,8.14662856445517,1.0,2.94,3324.969
3.4844773236979867,-0.9955133551927806,8.188197988293634,1.0,2.939,3338.125
3.483561937366954,-0.9938124498666757,8.202600777416047,1.0,2.938,3351.266
3.482921879953037,-0.9949867696691074,8.238707979741942,1.0,2.937,3364.453
3.4823155874943046,-0.9957524008694255,8.257091977863002,1.0,2.937,3377.625
3.481453243996021,-0.9949588691136327,8.298195132808544,1.0,2.936,3390.797
3.4808453458110025,-0.995152141206821,8.345030761827834,1.0,2.935,3403.938
3.4801043082920016,-0.9962733741794066,8.355976754650651,1.0,2.935,3417.078
3.4793074004689597,-0.995919518766945,8.375761094678865,1.0,2.934,3430.219
3.478656756818986,-0.9948789988064665,8.406159206576701,1.0,2.933,3443.422
3.477944507632085,-0.9955891182209999,8.42928353979235,1.0,2.933,3456.594
3.4772719953898124,-0.9968268192914872,8.457562396402233,1.0,2.931,3469.719
3.476484234837369,-0.9942415430268682,8.483589568215642,1.0,2.931,3482.828
3.475748716014138,-0.9967222579287219,8.537186792834612,1.0,2.93,3495.922
3.475040538221428,-0.9955550435666333,8.544689300272355,1.0,2.929,3509.0
3.474287621471171,-0.9934084773318449,8.569542388002116,1.0,2.929,3522.203
3.4734669648867538,-0.9945800040332816,8.607966673597879,1.0,2.928,3535.344
3.4727372610211558,-0.9951211002283649,8.609446409075803,1.0,2.927,3548.422
3.47201976831521,-0.9956299094574806,8.643098730143205,1.0,2.927,3561.531
3.4711978181913232,-0.9957611420902497,8.674582825880155,1.0,2.926,3574.625
3.47047078317791,-0.9933020517139497,8.725820483780293,1.0,2.925,3587.735
3.4696718442479586,-0.9953135916284449,8.727678104689083,1.0,2.924,3600.828
3.469000094167255,-0.994801062948701,8.779329061612671,1.0,2.923,3613.922
3.468181682116456,-0.9952597176348683,8.807525998504737,1.0,2.923,3627.063
3.467381299158696,-0.9959556254500078,8.838229650077436,1.0,2.922,3640.172
3.466777146732966,-0.9958085328340124,8.859085177584964,1.0,2.921,3653.281
3.4660081456818514,-0.9943153152950789,8.884051980908765,1.0,2.921,3666.391
3.4651119040439964,-0.9944384236528825,8.90925080944597,1.0,2.92,3679.516
3.464497433780131,-0.9955435536453788,8.941985128221027,1.0,2.919,3692.656
3.4635684232925383,-0.9949564530588838,8.940032956335966,1.0,2.918,3705.86
3.462814187423905,-0.9963352633920955,8.98710412044508,1.0,2.917,3718.985
3.46214272530203,-0.994170308906829,8.998776016877077,1.0,2.917,3732.094
3.461267940764716,-0.9971262252583597,9.027878156006246,1.0,2.916,3745.219
3.460682395050646,-0.9921549254728758,9.0545632852415,1.0,2.915,3758.344
3.459682485501857,-0.9946179154419856,9.096776355418,1.0,2.914,3771.516
3.458877155773463,-0.9950517756907041,9.097045598307535,1.0,2.913,3784.61
3.4580147374837664,-0.9957831723344504,9.133877133719531,1.0,2.913,3797.766
3.4573000229394704,-0.9944112524134223,9.139833178424317,1.0,2.912,3810.891
3.4566167493283446,-0.9951537841886956,9.039506759825283,1.0,2.911,3824.0
3.455509500892453,-0.9951035040533993,8.74507105433809,1.0,2.91,3837.11
3.4539955948600243,-0.9946697436147266,8.54463806722767,1.0,2.909,3850.156
3.4525420711144035,-0.9952782255756405,8.408139516552344,1.0,2.907,3863.313
3.4509984052771165,-0.9949266342912684,8.303959879583791,1.0,2.906,3876.406
3.448951191408298,-0.9948720603513895,8.180981447004251,1.0,2.904,3889.594
3.4470970180059584,-0.9972704365630486,7.992354128160602,1.0,2.902,3902.672
3.4450427756993656,-0.9949377010765345,7.873294089385614,1.0,2.9,3915.766
3.4427543858853493,-0.9958608571709217,7.759185474457429,1.0,2.897,3928.891
3.440375142090238,-0.9956176332124341,7.655513641846865,1.0,2.895,3941.985
3.4380614221175554,-0.9949349855821317,7.566494687076014,1.0,2.893,3955.047
3.4356726107968094,-0.9941286940622154,7.432633387664149,1.0,2.891,3968.141
3.4330946414015693,-0.9970288451542202,7.3111645780180945,1.0,2.888,3981.297
3.430388257696568,-0.9966386533000465,7.2258469459603365,1.0,2.885,3994.406
3.427816729775609,-0.9947114103074626,7.142842830506782,1.0,2.883,4007.563
3.425110724059222,-0.9943746741408016,7.072860098035313,1.0,2.88,4020.766
3.4223248761751544,-0.9945615497829295,7.177157616127626,1.0,2.878,4033.875
3.42006992488101,-0.9961112173483228,7.322216432957061,1.0,2.875,4046.985
3.41772003959307,-0.9942957081753299,7.409888208191658,1.0,2.873,4060.11
3.415780176838776,-0.9948198662579314,7.513100609483744,1.0,2.871,4073.266
3.413945844738231,-0.9959187350134144,7.557387058760523,1.0,2.869,4086.328
3.4121715512764936,-0.9948368308935783,7.611625277517814,1.0,2.867,4099.422
3.410371586679501,-0.9961578201869448,7.68289253903732,1.0,2.865,4112.61
3.408821521105736,-0.995137966154431,7.750260297040794,1.0,2.863,4125.703
3.407045141687982,-0.994605702164411,7.7839574883333595,1.0,2.862,4138.891
3.405573829801681,-0.9955864137995052,7.808956358751785,1.0,2.86,4151.938
3.403963245374781,-0.9950436407226186,7.854757194333598,1.0,2.859,4165.078
3.4026995297336065,-0.9951694939555099,7.9045380434053385,1.0,2.857,4178.219
3.4012288499984384,-0.9940472016044886,7.903723659292115,1.0,2.856,4191.344
3.399836975056,-0.9944612215870641,7.946102256915054,1.0,2.855,4204.453
3.398648428300032,-0.9978211492915544,7.990589077759871,1.0,2.853,4217.531
3.397529930396105,-0.9949995612020253,8.016247909291797,1.0,2.852,4230.641
3.3962164086861817,-0.9987879257873639,8.022351385007191,1.0,2.851,4243.75
3.394770379004634,-0.9965412768039087,8.093577153400561,1.0,2.849,4256.828
3.393724948549766,-0.9946546941981701,8.13686690649396,1.0,2.848,4269.875
3.392274523561809,-0.9949697463826491,8.147889716331285,1.0,2.847,4283.047
3.39111672593359,-0.9958940142469688,8.2139567667803,1.0,2.845,4296.141
3.3899532946402653,-0.9937800173097777,8.248131435048279,1.0,2.845,4309.235
3.3883933066016403,-0.9950807341557842,8.287914373034114,1.0,2.843,4322.36
3.3875257672228245,-0.9945065684680051,8.32615772928764,1.0,2.842,4335.485
3.386219477067292,-0.9944556038003327,8.351342818434334,1.0,2.841,4348.625
3.384998748354783,-0.9961549392679606,8.384870053338256,1.0,2.84,4361.86
3.383618764190488,-0.9972176873678247,8.42135802719239,1.0,2.839,4375.172
3.3824072513729484,-0.996009113009009,8.463512842030767,1.0,2.837,4388.438
3.381262884828034,-0.9950340782008967,8.502799651273532,1.0,2.836,4401.75
3.380052322554357,-0.9959254221450267,8.52179890114726,1.0,2.835,4414.985
3.378846937531732,-0.9948096878968176,8.591148382285652,1.0,2.834,4428.266
3.377598277915228,-0.9950983034676988,8.617344274351431,1.0,2.833,4441.5
3.376300113346357,-0.9952160502170263,8.657147654183998,1.0,2.831,4454.703
3.3750639655760013,-0.9930276491075285,8.704050766720341,1.0,2.83,4468.016
3.373951183523049,-0.9958946436145326,8.7519101511431,1.0,2.829,4481.25
3.3726802546067054,-0.9967438821993628,8.776369788037487,1.0,2.827,4494.516
3.3713763263024044,-0.9950125116519613,8.796939623329326,1.0,2.826,4507.719
3.3700680129198,-0.9966504641168176,8.862095970676217,1.0,2.825,4520.938
3.368914752833561,-0.9948696205119707,8.878615557856417,1.0,2.823,4534.219
3.367606248720394,-0.9960232979601094,8.916783629748027,1.0,2.822,4547.578
3.366343440698901,-0.9972919767133388,8.93808488599522,1.0,2.821,4560.797
3.3648625929538123,-0.9953224736253483,8.969858274681927,1.0,2.82,4574.0
3.3634073849939106,-0.9956900319747589,8.992156576921106,1.0,2.819,4587.235
3.362040166337937,-0.9943302131115135,9.030355582487822,1.0,2.817,4600.469
3.3606768344867635,-0.9948234610436305,9.040240163348676,1.0,2.816,4613.719
3.359175580050265,-0.9943028275450858,9.097750364735465,1.0,2.814,4626.938
3.357687888333479,-0.9960465311623748,9.125881830741283,1.0,2.813,4640.203
3.356351454057462,-0.9949806176685959,9.143516423513844,1.0,2.811,4653.469
3.354768698040336,-0.9959231209502464,9.164196626164916,1.0,2.81,4666.797
3.353080488901673,-0.9957704638727626,9.207747448919465,1.0,2.809,4679.985
3.351539152173533,-0.9949490496761857,9.247858346017308,1.0,2.807,4693.266
3.3501445709661226,-0.9955316327262964,9.28300103276093,1.0,2.805,4706.453
3.348511807720953,-0.9954323130433258,9.308988416448518,1.0,2.803,4719.703
3.346940626537693,-0.9953589017659018,9.331577770644042,1.0,2.802,4732.953
3.345402952182305,-0.9953115556257863,9.355883419527487,1.0,2.801,4746.203
3.343717506023549,-0.9948107004573861,9.382475339411753,1.0,2.799,4759.469
3.3419918970059226,-0.9973111344171603,9.4170922080683,1.0,2.797,4772.719
3.340198563060068,-0.9940398917641348,9.433677610935984,1.0,2.795,4786.0
3.338223209606903,-0.9956405160162938,9.484025266091127,1.0,2.793,4799.25
3.3365835345759205,-0.9962522439110486,9.531395149395633,1.0,2.792,4812.485
3.335109499518284,-0.9938260780926159,9.553860800567326,1.0,2.79,4825.735
3.333191516863278,-0.9947715708674482,9.590396452178101,1.0,2.788,4838.922
3.331479794454772,-0.9944915659381345,9.608629798136608,1.0,2.787,4852.125
3.329512307229761,-0.9969820528683891,9.645138929945173,1.0,2.785,4865.422
3.3275279192582565,-0.9956147203994499,9.676228177009312,1.0,2.783,4878.672
3.325828116597998,-0.9967694923135623,9.727067001276257,1.0,2.781,4891.985
3.3238964650887235,-0.9966677338647368,9.748091079482334,1.0,2.779,4905.219
3.3216836950110897,-0.9958994984932361,9.75183326646354,1.0,2.777,4918.453
3.3196939591176795,-0.9951539485800728,9.791726836716649,1.0,2.775,4931.672
3.31758091531066,-0.9956633701451857,9.837484170430141,1.0,2.773,4944.891
3.3154325890115723,-0.9971870566150327,9.840941797245488,1.0,2.771,4958.125
3.313360051140094,-0.9950783999213845,9.900247594393614,1.0,2.769,4971.375
3.311165032975942,-0.9949359429785856,9.915566258783429,1.0,2.767,4984.61
3.308974471473522,-0.994687492243279,9.953522278525869,1.0,2.765,4997.844
3.306806549355666,-0.9951695326194409,9.9813661243368,1.0,2.763,5011.094
3.304466427881505,-0.995793431613588,10.027634841860223,1.0,2.761,5024.328
3.3022418939529774,-0.9962214428420715,10.034497903420077,1.0,2.758,5037.61
3.299827992975363,-0.99501809720771,10.08154152349283,1.0,2.755,5050.906
3.297457816243593,-0.9954241909256071,10.059615737714099,1.0,2.753,5064.11
3.2946615178424774,-0.9954845421113667,9.84140796521786,1.0,2.751,5077.328
3.2915688058630304,-0.9950206845445376,9.637265447710005,1.0,2.747,5090.547
3.287957250700658,-0.9959468180845289,9.436062072733758,1.0,2.744,5103.781
3.284197374401378,-0.9952365916717061,9.289643616111881,1.0,2.74,5117.031
3.2799764115244545,-0.9951305682415228,9.11363659552761,1.0,2.736,5130.297
3.275737954171668,-0.9957553125133675,8.984968794788795,1.0,2.732,5143.5
3.2709358839556115,-0.9958482131668838,8.849839192471896,1.0,2.727,5156.735
3.2661698943161435,-0.9951845494339064,8.736253353673524,1.0,2.723,5169.969
3.261299135939609,-0.9954712143707993,8.652626301873083,1.0,2.717,5183.219
3.2559893616058466,-0.9963047555357765,8.606338698159968,1.0,2.712,5196.516
3.250608240759355,-0.9953448269471986,8.445971607193858,1.0,2.707,5209.813
3.244985479757389,-0.9944024423796656,8.352157550730217,1.0,2.701,5223.125
3.239320278207168,-0.9925656812526117,8.241470213826386,1.0,2.696,5236.344
3.2335001156461747,-0.9954598960970966,8.227027097986195,1.0,2.69,5249.656
3.2276694558380865,-0.9951410149773222,8.200768875651661,1.0,2.684,5262.891
3.221682761826305,-0.9956843743025966,8.26277475530557,1.0,2.678,5276.141
3.216138187725933,-0.9957550973838226,8.417546650754185,1.0,2.673,5289.516
3.210649741962537,-0.9953766207258711,8.48764631806105,1.0,2.667,5302.797
3.2054349879960062,-0.9947605333233395,8.592413641813904,1.0,2.662,5316.078
3.20029199028384,-0.9955930671441604,8.673750881251491,1.0,2.657,5329.344
3.195219948100102,-0.9942482950115842,8.724841346223897,1.0,2.652,5342.594
3.190259609219229,-0.9957161690815958,8.785330569579788,1.0,2.646,5355.844
3.1850816758708627,-0.9941257959989538,8.859500337002471,1.0,2.642,5369.219
3.1801293618675808,-0.9967114953965915,8.898316514358887,1.0,2.636,5382.453
3.175236869422581,-0.9940462434468443,8.968223540839395,1.0,2.632,5395.688
3.1704853408425357,-0.9967493441696742,9.01854270510748,1.0,2.627,5408.906
3.1654282724755256,-0.9947048715597475,9.050200039502396,1.0,2.622,5422.156
3.1603680933530773,-0.9968979138964394,9.084287763912801,1.0,2.616,5435.391
3.155139981910372,-0.9954826924215132,9.14337784699052,1.0,2.611,5448.641
3.149965619193311,-0.9949330561340936,9.23446189150085,1.0,2.606,5461.938
3.1448203538931594,-0.994220398573304,9.212588958115099,1.0,2.601,5475.172
3.139252195094655,-0.9961467661642928,9.243578722861399,1.0,2.596,5488.406
3.1339874700643064,-0.9952120217035082,9.352178627127573,1.0,2.59,5501.688
3.128410378384067,-0.9944856379849347,9.361428082386515,1.0,2.584,5514.953
3.122950251416708,-0.9964482993691763,9.452137670033697,1.0,2.579,5528.266
3.117213574056475,-0.9948629331117712,9.497491848692468,1.0,2.573,5541.531
3.1115121467583324,-0.9965487021744697,9.524944943524387,1.0,2.568,5554.766
3.1054193111437853,-0.9948876137154262,9.568483657863137,1.0,2.562,5568.031
3.099286633745663,-0.994234271572122,9.605103194580701,1.0,2.556,5581.375
3.093125123641961,-0.997207808343478,9.652898814658561,1.0,2.549,5594.594
3.086741856287959,-0.9956523605356756,9.701804093931313,1.0,2.543,5607.813
3.0803739270748363,-0.9961345650708506,9.751419535522931,1.0,2.536,5621.047
3.0738057209079237,-0.99608051153022,9.800535442677399,1.0,2.53,5634.297
3.066985494143711,-0.9953930527828354,9.844641909258403,1.0,2.523,5647.516
3.060191477019926,-0.9935236007142138,9.910290385446276,1.0,2.516,5660.735
3.053148253866842,-0.996966376793198,9.996225655352212,1.0,2.509,5673.969
3.046044672259406,-0.9966159036638845,10.088102274167214,1.0,2.502,5687.203
3.0384601146961097,-0.9954746416003694,10.128268405690257,1.0,2.494,5700.406
3.031002859512311,-0.997277222506697,10.176151685362504,1.0,2.487,5713.688
3.023111709252777,-0.9967012629980978,10.203617908044922,1.0,2.479,5726.891
3.015191693115315,-0.9960291549571214,10.242458124942624,1.0,2.471,5740.141
3.007012012788133,-0.9945795441660009,10.370748767134051,1.0,2.463,5753.344
2.998243877368653,-0.9961408436818434,10.388448266349714,1.0,2.454,5766.578
2.98975859945416,-0.9949743409455409,10.40858594456975,1.0,2.446,5779.781
2.9805995441728186,-0.9951179754360588,10.4932127021189,1.0,2.436,5793.0
2.971227655824078,-0.9958225126405901,10.559617108135868,1.0,2.427,5806.203
2.9615583985163454,-0.9969529169060949,10.595853622875952,1.0,2.418,5819.438
2.9515542662640546,-0.9970709552453125,10.623283642571357,1.0,2.408,5832.688
2.9413454877307394,-0.9963986813572085,10.680185648861626,1.0,2.398,5845.953
2.930887417486187,-0.996147335825787,10.767855657558636,1.0,2.387,5859.25
2.919961192798961,-0.9940526935924002,10.809444766538657,1.0,2.376,5872.453
2.908525386260133,-0.9961051327462835,10.870441935964266,1.0,2.365,5885.719
2.8966305842345883,-0.9945920729027192,10.900859658817685,1.0,2.354,5898.938
2.88431862610664,-0.9961489742182893,10.952326178773866,1.0,2.341,5912.172
2.871468347292039,-0.9956385499034718,11.041627624423,1.0,2.329,5925.406
2.858615404157315,-0.9957779455282064,11.072979914054729,1.0,2.315,5938.672
2.8446134055961525,-0.9958359673807189,11.16469464166329,1.0,2.302,5951.938
2.8304173356014126,-0.9967355569188421,11.22268313199463,1.0,2.288,5965.172
2.815465595690097,-0.99445958568651,11.278566410610237,1.0,2.273,5978.375
2.8000501106517506,-0.9954486071623577,11.294870248021414,1.0,2.257,5991.672
2.7837035991367194,-0.9966806020903336,11.347786795305591,1.0,2.241,6004.953
2.7665057088116223,-0.9936168861589166,11.406969511711834,1.0,2.224,6018.36
2.7486582443839778,-0.9968675331597474,11.490891091615984,1.0,2.206,6031.735
2.729931966923743,-0.9941494462542928,11.566086666148536,1.0,2.187,6045.141
2.710132038595064,-0.9959345834559319,11.632649932988722,1.0,2.167,6058.5
2.689299531209884,-0.9930495806011348,11.713145986532508,1.0,2.147,6071.906
2.667439028940069,-0.9945851711548974,11.744369667833906,1.0,2.125,6085.297
2.6440673622686925,-0.9965354204923628,11.772681256044072,1.0,2.101,6098.656
2.619395340593058,-0.9959048562088569,11.900914264669726,1.0,2.078,6112.047
2.593520084646253,-0.9939013706422699,11.977145974065792,1.0,2.052,6125.438
2.5656125249554345,-0.995724964775576,12.0382152065006,1.0,2.025,6138.875
2.536252808380642,-0.9938444625320708,12.128629031914683,1.0,1.996,6152.281
2.5046693818677896,-0.994457783733364,12.234625947602698,1.0,1.965,6165.672
2.470611866932728,-0.9948775466662181,12.348017896228109,1.0,1.931,6179.11
2.942942295533995,-0.0006893297613851364,12.376815880696887,0.0002,0.0,6192.656
3.050193702611824,-0.002597584397125103,12.37407851561253,0.0002,0.0,6206.219
3.1009749147863395,-0.0019465453527589072,12.251162739297369,0.0004,0.0,6219.719
3.1368929085286044,-0.0003178890107010738,12.139028855864511,0.0004,0.0,6233.266
3.165273105267426,-0.0016569380580756137,12.078360947536217,0.0004,0.0,6246.781
3.1887276469994426,-0.002667151204544861,11.952118566785678,0.0004,0.0,6260.313
3.2089500307053105,-0.004330836882480022,11.822763273260383,0.0002,0.0,6273.781
3.2263900807381574,-0.0016140244223740974,11.716816616952961,0.0002,0.0,6287.313
3.2415803806092183,-0.0027503984003770204,11.458517318473804,0.0002,0.0,6300.797
3.2546672739968203,-0.0007541770184145135,11.136998318903297,0.0002,0.0,6314.297
3.2663164239224387,-0.0011006864214519617,10.749106519600033,0.0004,0.0,6327.813
3.2769597512712325,-0.002825852501506586,10.508816349569635,0.0002,0.0,6341.297
3.286418164397646,-0.0013367734690478068,10.15054582584817,0.0002,0.0,6354.906
3.2951675537404728,-0.0014653042181053436,9.896395049834986,0.0002,0.0,6368.422
3.303251450052504,-0.0017596894906816468,9.662330686213652,0.0004,0.0,6382.063
3.310303420220758,-0.000756420212763443,9.390488931058574,0.0002,0.0,6395.547
3.317351265801437,-0.0033181834906045814,9.13700808870156,0.0002,0.0,6409.063
3.323386670984553,-0.0022913317640823544,8.972806149275533,0.0002,0.0,6422.625
3.329356483961897,-0.0013259841653896498,8.756380752509184,0.0002,0.0,6436.141
3.486189216310417,0.0014165909486330624,5.99014233448439,-0.0006,0.002,0.0
3.746592135437914,1.4890569689379058,5.9925280590812635,1.4995,4.618,2.594000000000001
3.7754376470108912,1.4904257656260722,5.991340242003631,1.4995,4.669,8.922000000000004
3.7948436066581626,1.491527146696219,6.003554458008486,1.4995,4.694,15.234000000000002
3.811691165065912,1.4914253370757167,6.026728624897185,1.4995,4.707,21.516000000000005
3.826772557265428,1.4926173566920191,6.03867248581197,1.4995,4.719,27.797000000000004
3.840721815825641,1.4924865663540854,6.0480079127430795,1.4995,4.732,34.125
3.8541950377956193,1.492478048787206,6.047619227446102,1.4995,4.745,40.438
3.866966071469437,1.49100478096467,6.056981683824999,1.4995,4.757,46.719
3.8784961257817607,1.490559341418844,6.058078071543086,1.4995,4.77,53.0
3.889624240474612,1.4893562488189032,6.065722606822131,1.4995,4.783,59.266000000000005
3.900672297262912,1.4916962879066125,6.073167739947172,1.4995,4.796,65.547
3.91099366699394,1.491437284121399,6.092384323850221,1.4995,4.796,71.828
3.920491006013087,1.4897114107924454,6.111105341010749,1.4995,4.808,78.078
3.9298040199251223,1.4926724463810546,6.122417677213574,1.4995,4.821,84.375
3.938368188118077,1.4897043993015562,6.137558492264286,1.4995,4.834,90.609
3.946541796005003,1.4910355772397326,6.14138401521438,1.4995,4.834,96.859
3.953910715251448,1.4896584499649523,6.166515271216446,1.4995,4.846,103.109
3.9611459588767257,1.4917153879253695,6.192166180925709,1.4995,4.859,109.359
3.9675020356906736,1.491474858585367,6.201889988503179,1.4995,4.859,115.609
3.973777613923777,1.4906540145494493,6.238739774555821,1.4995,4.872,121.844
3.979264789751044,1.4909480722759274,6.253421042155967,1.4995,4.872,128.078
3.984455695377648,1.4925086597797013,6.259260633910517,1.4995,4.872,134.328
3.9890820253143495,1.4908910418869636,6.2844957232092655,1.4995,4.884,140.563
3.993331360506622,1.4915930822985037,6.315890693441855,1.4995,4.884,146.813
3.9971878671977543,1.4922169040974902,6.336323565370714,1.4995,4.884,153.063
4.000424327053802,1.491094526162052,6.354674832506573,1.4995,4.897,159.344
4.003799400294708,1.4922798206396508,6.374075768427731,1.4995,4.897,166.0
4.006755116569684,1.4912161999780198,6.409402934961422,1.4995,4.897,172.406
4.009486655066318,1.4903529871536314,6.441685388804724,1.4995,4.897,178.781
4.011769951109401,1.4915745019302957,6.455485092020483,1.4995,4.91,185.141
4.014139944048369,1.491584398540431,6.482501951185904,1.4995,4.91,191.547
4.016134832478767,1.4916148598507724,6.500629965477047,1.4995,4.91,197.953
4.018021190053993,1.4928108295543063,6.525860034417731,1.4995,4.91,204.328
4.019903390356868,1.4914021718058064,6.560213436337045,1.4995,4.91,210.734
4.021677956241273,1.490671880801471,6.571319219597457,1.4995,4.91,217.141
4.023511256984593,1.4925836651857065,6.595935956563694,1.4995,4.91,223.5
4.025041964577231,1.4929523315672348,6.622888858689871,1.4995,4.91,229.922
4.026786418065372,1.4943144350434685,6.641400690424949,1.4995,4.91,236.313
4.02801358143727,1.4906648493738743,6.654942694603142,1.4995,4.91,242.688
4.029821284050289,1.492881709433649,6.638789694585105,1.4995,4.91,249.094
4.031201162074059,1.4920259631852706,6.5360649072300685,1.4995,4.922,255.5
4.032682838062905,1.4919442656177102,6.428157211382976,1.4995,4.922,261.859
4.034280712069431,1.4911674336596117,6.327682260040421,1.4995,4.922,268.281
4.035981492736932,1.491309141658674,6.208359498975302,1.4995,4.922,274.656
4.037583141224635,1.492703828930193,6.150739086430529,1.4995,4.922,280.984
4.039208982409127,1.4906307377956947,6.1108513408778435,1.4995,4.922,287.406
4.041145604152467,1.4903223416953126,6.046707951318762,1.4995,4.922,293.797
4.042808815165833,1.4922950293667967,5.9940507538560786,1.4995,4.922,300.313
4.0445283650099615,1.4914363664364942,5.923990968570316,1.4995,4.922,306.656
4.046156750221324,1.490866184210431,5.916649095554147,1.4995,4.935,313.016
4.048037796894684,1.4914031210886791,5.887980576004402,1.4995,4.935,319.391
4.04979800226957,1.4907842290111573,5.8356790797370754,1.4995,4.935,325.797
4.051767569185179,1.4909927306552035,5.791445273062085,1.4995,4.935,332.141
4.053527157614805,1.4926078420464353,5.739167896834689,1.4995,4.935,338.484
4.05511264645939,1.4912866497092927,5.717169269156407,1.4995,4.935,344.844
4.0572098273185695,1.4925204868216242,5.6667611520835734,1.4995,4.948,351.188
4.059071131795135,1.4912599684910213,5.636714015056383,1.4995,4.935,357.563
4.060785846769481,1.4914253674996816,5.6000547438291965,1.4995,4.948,363.875
4.062693045489929,1.4907056744118128,5.569979011390564,1.4995,4.948,370.281
4.064464847631417,1.4900011045923833,5.529579728435216,1.4995,4.948,376.719
4.066414345924289,1.4903942977942333,5.510572752616822,1.4995,4.948,383.031
4.068048231203553,1.491711584456931,5.4292958181480575,1.4995,4.948,389.406
4.070135087035092,1.4912708660711358,5.416311577098889,1.4995,4.948,395.797
4.071646109249631,1.4909983969144636,5.392622433968858,1.4995,4.96,402.141
4.0735733674889145,1.490523835739077,5.34110317025168,1.4995,4.96,408.547
4.075498709551133,1.4914232178792985,5.343666575004452,1.4995,4.96,414.938
4.077333078842814,1.4916561962060049,5.30964858534112,1.4995,4.96,421.281
4.079189321940031,1.4922414590423199,5.270720130714822,1.4995,4.96,427.656
4.080928006398242,1.4906714646203072,5.332285445048148,1.4995,4.96,434.047
4.082576244666467,1.4908744419120832,5.441103171085556,1.4995,4.96,440.391
4.084291796101893,1.4901601053328828,5.53741296529629,1.4995,4.96,446.766
4.085775538754227,1.4925482349529502,5.622853318041256,1.4995,4.973,453.156
4.087270670470984,1.4905463618116248,5.6553563053910265,1.4995,4.973,459.5
4.088869398363126,1.4924906467599366,5.705603450719734,1.4995,4.973,465.875
4.090029831385667,1.492002357255315,5.737605494519674,1.4995,4.973,472.266
4.091518319857267,1.4919469367025657,5.786691477671423,1.4995,4.973,478.578
4.092635882764125,1.4925161054005247,5.841514488545846,1.4995,4.973,484.969
4.093988815087622,1.4923252957064495,5.888441831723099,1.4995,4.973,491.344
4.095415283393898,1.4940743027092773,5.914291109255539,1.4995,4.973,497.703
4.096472125903687,1.491324230646016,5.934831000036713,1.4995,4.973,504.109
4.097675716545356,1.4916850089568545,5.969362256326314,1.4995,4.973,510.516
4.098857172602291,1.4922464141323792,6.010801148413172,1.4995,4.986,516.828
4.0996880593630864,1.4928118100334058,6.042102100639416,1.4995,4.986,523.203
4.100919743506621,1.492030341620052,6.04524568706571,1.4995,4.986,529.594
4.101951892766344,1.4920472197658932,6.06187713314377,1.4995,4.986,535.891
4.102987364747756,1.4922838978293829,6.101857530745416,1.4995,4.986,542.203
4.103883604637974,1.492146093529524,6.137254122026662,1.4995,4.986,548.516
4.104840308510167,1.490648067866631,6.163789595421809,1.4995,4.986,554.891
4.105670620661008,1.4934636001016677,6.1991112245299975,1.4995,4.986,561.266
4.106581534868608,1.4922211814883826,6.206383381174556,1.4995,4.986,567.609
4.10753093195291,1.4919703547248644,6.209024019338901,1.4995,4.986,573.922
4.108296964886876,1.4901611840311926,6.230997054188293,1.4995,4.986,580.297
4.109314535480585,1.4924096170585628,6.266802065206869,1.4995,4.986,586.688
4.110238951324966,1.4926409424374583,6.290070459158095,1.4995,4.986,593.0
4.111097393571152,1.4922307940852908,6.314012501913238,1.4995,4.986,599.313
4.1119032429610165,1.49160353373279,6.321441190687967,1.4995,4.986,605.688
4.11261292298787,1.4919833189447742,6.353952226778008,1.4995,4.986,612.047
4.113500491958921,1.4930612706568551,6.378453170490177,1.4995,4.986,618.375
4.113970510428334,1.4921129166624159,6.393795629126895,1.4995,4.986,624.75
4.114911620958395,1.4912969927668793,6.401647858242453,1.4995,4.986,631.125
4.1157492198484125,1.490678127876225,6.435955203873008,1.4995,4.998,637.469
4.11627293525911,1.491860305653593,6.467365923502496,1.4995,4.998,643.781
4.117120638643178,1.4924957639467293,6.498978928504234,1.4995,4.998,650.141
4.117804387696187,1.4903185288440153,6.532280944822635,1.4995,4.998,656.531
4.118512455449841,1.491096738041394,6.553421374284096,1.4995,4.998,662.844
4.1192106215000495,1.4899177094453895,6.5611459223889845,1.4995,4.998,669.172
4.119574503897195,1.4909885449326805,6.591515626514674,1.4995,4.998,675.516
4.120358004508361,1.491474504456107,6.5972279303997485,1.4995,4.998,681.891
4.121079822351336,1.4923882937031834,6.612373707630469,1.4995,4.998,688.219
4.121639627507359,1.492132321571765,6.643102961581834,1.4995,4.998,694.531
4.122604165655787,1.4919553623544406,6.664462928290237,1.4995,4.998,700.906
4.1230615918958655,1.4912498714521927,6.694657538691245,1.4995,4.998,707.281
4.123664335360782,1.4914701507298356,6.721052676702063,1.4995,4.998,713.609
4.124562648752162,1.4911545038943648,6.745448605186124,1.4995,4.998,719.938
4.124835533671112,1.4922411026880433,6.7668478432592085,1.4995,4.998,726.313
4.125570599898054,1.4918152536413958,6.781616740546488,1.4995,4.998,732.703
4.126266394457706,1.4922695793094902,6.812978270883232,1.4995,4.998,739.016
4.12681530311579,1.4915085600819507,6.838164215339913,1.4995,4.998,745.391
4.127606675946879,1.4902804811263708,6.859242287375304,1.4995,4.998,751.75
4.127993915675777,1.4907054561456983,6.881135109010714,1.4984,4.998,758.094
4.128359618225159,1.4888592528434659,6.8916181178748515,1.4978,4.998,764.438
4.12874847614843,1.4890925283589602,6.901134861765594,1.4967,4.998,770.75
4.1293110874631545,1.4882723986836015,6.93394616448234,1.4957,4.998,777.156
4.129735765154827,1.4872117019696909,6.959924650522981,1.4946,4.998,783.547
4.130291876530324,1.4866603331132018,6.998582337993618,1.494,4.998,789.859
4.130613398164351,1.4851124593952034,7.026466640704516,1.4935,4.998,796.219
4.131126340913406,1.4840924771361488,7.03886109524487,1.4929,4.998,802.609
4.131547775175745,1.4846699229344322,7.0536624051527825,1.4924,4.998,808.922
4.131895304608997,1.4836730473133766,7.081253495100664,1.4918,4.998,815.234
4.132391631042255,1.4834916656414188,7.089533135011871,1.4913,4.998,821.609
4.133004818942096,1.4833307676208023,7.1039690028244165,1.4907,4.998,828.0
4.133330470856492,1.4836045366010167,7.128549912106798,1.4902,4.998,834.313
4.133611221524613,1.481139683707556,7.156760524183887,1.4897,4.998,840.625
4.134221760057551,1.480986623132934,7.185144469242282,1.4891,4.998,847.0
4.134637995780324,1.4794585220700551,7.212910422129815,1.4886,4.998,853.406
4.135109010335031,1.4797867532689362,7.240870914193882,1.488,4.998,859.719
4.135615690073381,1.4803478372666683,7.263699512118757,1.4875,5.011,866.031
4.135871445365151,1.478666230783248,7.273561443586958,1.4864,4.998,872.422
4.136495240658563,1.4774075543057672,7.2996811707061395,1.4858,4.998,878.813
4.13687182748876,1.4784642285902192,7.3195472367550245,1.4853,4.998,885.125
4.1372923109179975,1.4776453018048845,7.343053046558644,1.4853,4.998,891.438
4.137751448830292,1.4753327367981774,7.373992221136428,1.4848,4.998,897.844
4.138297230107135,1.4760148259476515,7.403968965139578,1.4842,4.998,904.234
4.138613075564355,1.4764324067329408,7.39319248129013,1.4842,4.998,910.547
4.13895628399319,1.478228550247625,7.402336242819729,1.4831,4.998,916.922
4.139891212782009,1.4767718644743222,7.452358645550091,1.4831,4.998,923.313
4.140050172471612,1.4755636294086911,7.488269354018839,1.4826,4.998,929.625
4.140592511805632,1.4733303521841639,7.478826508960994,1.482,4.998,935.969
4.141064902289267,1.474595768926286,7.518111621546909,1.4809,4.998,942.344
4.141228536829687,1.471594836896943,7.531112882726884,1.4804,4.998,948.734
4.142019404412915,1.4725176850320014,7.536597471265658,1.4793,4.998,955.047
4.142406365000665,1.4710406708716792,7.549421208790163,1.4793,4.998,961.422
4.142707689963459,1.4688620062027544,7.562106760082781,1.4782,4.998,967.797
4.142990177532274,1.470109219688124,7.580705545221506,1.4777,4.998,974.109
4.143496536375503,1.4692186014812953,7.599536920388147,1.4766,4.998,980.453
4.143967593143697,1.4691183070018643,7.617553925213408,1.476,4.998,986.828
4.14433219495336,1.4671281474570246,7.654790822963309,1.4749,4.998,993.219
4.144877926810493,1.4659064871824894,7.648640432600007,1.4744,4.998,999.531
4.145256905124344,1.4656128423263204,7.637014661570583,1.4738,4.998,1005.844
4.145648693505494,1.4647701247704397,7.696942040588039,1.4733,4.998,1012.156
4.146142027713961,1.4649987584751507,7.717329589886073,1.4722,4.998,1018.531
4.146604531186005,1.4629917310330387,7.7511524023201375,1.4711,4.998,1024.922
4.146931808731575,1.4636169335398221,7.7575287371601505,1.4706,4.998,1031.266
4.147413818836387,1.4622424661315045,7.765998469514469,1.47,4.998,1037.625
4.147921806441872,1.4612692121235311,7.783961963172429,1.4695,4.998,1044.016
4.148282092427147,1.4626383068512723,7.789710466158625,1.4684,4.998,1050.313
4.148627120004811,1.4606621988386739,7.802488305248025,1.4679,4.998,1056.625
4.14914471659792,1.4600863866477787,7.831671198563104,1.4668,4.998,1062.953
4.14950856646058,1.4581199034143002,7.836249885858425,1.4668,4.998,1069.344
4.149955742114627,1.4574765709018769,7.856784412421299,1.4662,4.998,1075.734
4.150549944305163,1.4558904801138521,7.855400702619219,1.4651,4.998,1082.047
4.150684537309436,1.4546909813431557,7.885082351946206,1.4646,4.998,1088.422
4.151274016228179,1.4548575449035765,7.888701326576692,1.464,4.998,1094.797
4.151682925939038,1.4567779986575005,7.896688444860903,1.4635,4.998,1101.109
4.152022667860556,1.4514070073729242,7.9168156141565245,1.4624,4.998,1107.422
4.152652262434683,1.4548878344609144,7.940142165645603,1.4619,4.998,1113.797
4.153016234645374,1.4511432186798956,7.967908917060615,1.4608,4.998,1120.141
4.153648690235289,1.451305954710061,7.977412819894267,1.4602,4.998,1126.516
4.153845605135734,1.453529748640595,7.987442907401731,1.4597,4.998,1132.891
4.15443517407508,1.4501569205081253,8.014803217616059,1.4591,4.998,1139.266
4.154818954639239,1.4486826619787985,8.042927252881556,1.4586,4.998,1145.672
4.155482396632968,1.4514607382894495,8.05806118967974,1.4575,4.998,1152.047
4.155866390981888,1.4493011333817063,8.083008051442953,1.457,4.998,1158.406
4.156354127503854,1.4489962785137676,8.095053939386377,1.4564,4.998,1164.797
4.15659511073755,1.447377759877263,8.074186800774832,1.4559,4.998,1171.156
4.157123764527388,1.448291406063076,8.127122825455137,1.4553,4.998,1177.469
4.157587950612326,1.4443281511964035,8.147627591335871,1.4542,4.998,1183.844
4.158097435787496,1.4463003337623035,8.16921585776173,1.4542,4.998,1190.172
4.158689269091781,1.4448171746381802,8.1762010473114,1.4526,4.998,1196.5
4.158933741542699,1.4440358688665016,8.196125385088322,1.452,4.998,1202.875
4.159431267046537,1.4427072877987348,8.226644769123995,1.4515,4.998,1209.266
4.1598904215393375,1.4431213280672572,8.22405822556794,1.451,4.998,1215.641
4.16026727255797,1.4415547003512887,8.211507261186584,1.4504,4.998,1222.063
4.160658162365907,1.4427872990572042,8.24452611120698,1.4493,4.998,1228.438
4.161304099650657,1.439739239413205,8.253704684806253,1.4482,4.998,1234.813
4.161653297871958,1.4403795419696312,8.281370991295887,1.4477,4.998,1241.219
4.162251870082243,1.4415979475055005,8.301103022105638,1.4477,4.998,1247.594
4.162748423735878,1.4385192630997528,8.30809425891732,1.4461,4.998,1253.969
4.163022948242854,1.436544168606626,8.330638390240308,1.445,4.998,1260.344
4.163451922388149,1.4370179957157112,8.337117638589966,1.445,4.998,1266.703
4.163913921023298,1.4357478766171168,8.336598893905084,1.4439,4.998,1273.109
4.16436435075085,1.4365437263044896,8.359191713291827,1.4433,4.998,1279.516
4.164933321589667,1.4339186974002722,8.390396219158276,1.4422,4.998,1285.891
4.165246068550268,1.4343985763059914,8.403743316017287,1.4417,4.998,1292.25
4.1657289091419205,1.4336070435109833,8.40979276505636,1.4401,4.998,1298.984
4.166100861124039,1.431687895010723,8.414971568468195,1.4401,4.998,1305.453
4.166511910480599,1.43168608986667,8.440895171335107,1.4384,4.998,1311.922
4.167074548747126,1.4312044910847375,8.452194585630007,1.4379,4.998,1318.406
4.167560687511729,1.429507110037859,8.44865761977166,1.4373,4.998,1324.828
4.167972448957015,1.430621772067491,8.476161621548165,1.4368,4.998,1331.234
4.168650549746898,1.4295965464229046,8.514614566187648,1.4362,4.998,1337.656
4.168820397598079,1.4276151232684882,8.521178021285294,1.4351,4.998,1344.094
4.169303771170261,1.4270060501576773,8.544577243239022,1.4346,5.011,1350.531
4.169829872544428,1.4286017252418393,8.528610071435919,1.4341,4.998,1356.953
4.170155018699938,1.4261965985550709,8.544131092574565,1.433,4.998,1363.391
4.170639380191085,1.4242634443785414,8.565120576391028,1.4324,4.998,1369.813
4.171207685613082,1.424391836249298,8.584490501714011,1.4313,4.998,1376.219
4.171658770046184,1.4230677576622879,8.606150371133529,1.4308,4.998,1382.641
4.172064352102187,1.42247702129376,8.61755560774262,1.4297,4.998,1389.063
4.172510036824177,1.4229070356418332,8.625884009772603,1.4292,4.998,1395.5
4.1730504067766105,1.4219110825611878,8.626216652568598,1.4286,4.998,1401.922
4.173497828003562,1.4193866948864626,8.644437595532272,1.4275,4.998,1408.344
4.173792901151182,1.4194753888429033,8.670229831733874,1.427,4.998,1414.766
4.174275543305655,1.4199405225938497,8.67233812814894,1.4264,4.998,1421.172
4.174649137655978,1.418635049550335,8.659132632829579,1.4253,4.998,1427.625
4.175323743358694,1.416956736792557,8.679271713498313,1.4242,4.998,1434.5
4.175623492659192,1.415637902101087,8.674075604418423,1.4237,4.998,1441.078
4.176195716855805,1.4163934319004428,8.623477788715332,1.4221,4.998,1447.656
4.176603780516659,1.4153283802743877,8.53973147769925,1.4221,4.998,1454.313
4.177171325251037,1.4127659048684136,8.432835186257037,1.421,4.998,1460.906
4.17778092416487,1.4124454111311893,8.297473439408403,1.4199,4.998,1467.484
4.178317554758417,1.4111773320831675,8.244038829650124,1.4188,4.998,1474.125
4.179125474134821,1.4133822698577776,8.149814619893984,1.4183,4.998,1480.703
4.179544201441095,1.409315128863161,8.074684412246794,1.4166,4.998,1487.313
4.180295309873034,1.4086562151365776,8.026259640887602,1.4155,4.998,1493.953
4.181079505691726,1.40605229774079,7.935830701899727,1.4144,4.998,1500.531
4.181786445323976,1.4061492788620822,7.884523852288862,1.4128,4.998,1507.188
4.182641876933215,1.4030805997584308,7.788488807831486,1.4123,4.998,1513.781
4.183298146086766,1.4007598186046877,7.79345263631097,1.4106,4.998,1520.391
4.183901647555524,1.4011245276003512,7.718176528925036,1.4095,4.998,1527.016
4.18508238164337,1.4013213546089376,7.675102121790517,1.4079,4.998,1533.625
4.185891748418158,1.3984608643357215,7.616528378278959,1.4073,4.998,1540.25
4.186467851565301,1.3968398299855587,7.530477606759812,1.4052,4.998,1546.875
4.187489393269877,1.3974312781029194,7.4636599211686585,1.4035,4.998,1553.453
4.188087505605384,1.3946403594081551,7.431873283478259,1.4024,4.998,1560.125
4.189166152356559,1.3936153945592142,7.357085604184419,1.4008,4.998,1566.703
4.189905170478667,1.3937785240041318,7.325678730491032,1.3992,4.998,1573.297
4.190732786583975,1.3909808581146015,7.284711206820575,1.3981,4.998,1579.969
4.191764157741632,1.3878274862791968,7.276482354005143,1.3964,4.998,1586.531
4.1925132787475325,1.387085350707709,7.22573059354881,1.3954,4.998,1593.141
4.193306530341666,1.3873086787653317,7.228982089629589,1.3932,4.998,1599.766
4.19424217495703,1.3859180309315846,7.162906937688803,1.3915,4.998,1606.359
4.195117435266116,1.3830393813949395,7.085803841630775,1.3905,4.998,1612.969
4.195848840545138,1.381411348116628,7.062372077356906,1.3888,4.998,1619.625
4.196742774862688,1.380891709113831,7.108652134104414,1.3872,4.998,1626.203
4.197602598085352,1.3798642379447867,7.194175554779447,1.3861,4.998,1632.797
4.198274591825649,1.3778402731915744,7.289452901857582,1.385,4.998,1639.359
4.199069726607874,1.3758638181396163,7.345829114371978,1.3834,4.998,1645.938
4.199560714786877,1.3766112453858703,7.384464875653947,1.3823,4.998,1652.531
4.200264608182292,1.3736651938334572,7.417131391389378,1.3812,4.998,1659.109
4.201239673706576,1.3725397922719813,7.441797292339097,1.3801,4.998,1666.109
4.201830908182564,1.3716484368457857,7.470211054430406,1.379,4.998,1672.875
4.20240713092362,1.3720349037852555,7.507204467439528,1.3779,4.998,1679.609
4.202944915957305,1.3708002182923131,7.506898544340824,1.3768,4.998,1686.344
4.203541738833848,1.367846310118948,7.53556504395404,1.3757,4.998,1693.078
4.204302738216725,1.3674951177861734,7.551867636213654,1.3741,4.998,1699.813
4.204667226639216,1.3660069424533852,7.575212758222158,1.3741,4.998,1706.578
4.205191564315633,1.3637046121988483,7.597083968751164,1.3725,4.998,1713.328
4.205788373661042,1.3631389170354735,7.60318145542515,1.3714,4.998,1720.063
4.206282860767122,1.3628274293227447,7.609115997044473,1.3708,4.998,1726.781
4.207057755009129,1.360426235996065,7.637383887139911,1.3692,4.998,1733.531
4.205082354637212,1.3444495595753858,7.679541416304281,1.3512,4.986,1740.297
4.205276803597701,1.3452746760003462,7.680570097406852,1.3507,4.986,1747.016
4.205606090959305,1.34198823216415,7.678792379657267,1.3496,4.986,1753.75
4.206008660979883,1.343338870913169,7.672682444222249,1.3485,4.986,1760.484
4.2062355865083205,1.342913092161363,7.703737012744488,1.3479,4.986,1767.234
4.206718242493471,1.3402981873529278,7.727201441839888,1.3474,4.986,1774.0
4.204816834617314,1.3244463468589112,7.747481210069994,1.3289,4.973,1780.734
4.204855315833169,1.3225707755764715,7.736827991534503,1.3283,4.973,1787.453
4.205214905003981,1.3205038702778253,7.746606565687561,1.3283,4.973,1794.188
4.205214473964517,1.319964905053779,7.755169409663079,1.3272,4.973,1800.922
4.205696577569095,1.3186675142430204,7.76204624127032,1.3267,4.973,1807.672
4.20617590086629,1.3206692128184707,7.763713838944228,1.3261,4.973,1814.406
4.206156060357446,1.3183259628933395,7.786199992359918,1.3256,4.973,1821.141
4.20676514743774,1.3171911531454603,7.799925611115965,1.3245,4.973,1827.875
4.204687285431102,1.300925783759483,7.821670436632247,1.3065,4.96,1834.563
4.204864660271599,1.299926333235044,7.833985549917149,1.306,4.96,1841.266
4.204902813183512,1.2987587520693098,7.856526728842283,1.3054,4.96,1847.953
4.2051901509626575,1.297843529991249,7.868031956587641,1.3043,4.96,1854.656
4.205529430499202,1.2969058730631402,7.87383475986882,1.3032,4.96,1861.359
4.205623028066238,1.2972614334453254,7.861391198642696,1.3032,4.96,1868.125
4.206189803251689,1.294965239489797,7.902422662196226,1.3021,4.96,1874.891
4.206492059436465,1.2957180562337816,7.919387969713205,1.3021,4.96,1881.641
4.206741360165451,1.2945623661552448,7.9326445995409465,1.3016,4.96,1888.375
4.204842559760051,1.2751188087056782,7.944299781463549,1.2831,4.96,1895.078
4.205034373230228,1.2758059430391262,7.94250848087169,1.2831,4.948,1901.766
4.205080181457519,1.2762634797337744,7.9676476290296705,1.282,4.948,1908.531
4.205405302928301,1.276855033645254,7.995074189878059,1.282,4.948,1915.297
4.205721342761013,1.2743827230796818,8.011934908738926,1.2814,4.948,1922.0
4.20601702913401,1.2733876138060551,8.001809143248877,1.2809,4.948,1928.672
4.206336781997893,1.2732883618384083,8.027565758810427,1.2803,4.948,1935.359
4.206658350369733,1.272569956529909,8.032566074691578,1.2798,4.948,1942.109
4.207083455119816,1.2712176582594101,8.041675672757192,1.2793,4.948,1948.844
4.207284276900671,1.2712894449960088,8.04508496839211,1.2787,4.948,1955.578
4.20786983139126,1.2711581951352156,8.06295938066194,1.2782,4.948,1962.328
4.205663600485277,1.2529278149520346,8.06783929158556,1.258,4.935,1969.063
4.20585152772951,1.2512789654842655,8.078259296317498,1.2585,4.935,1975.813
4.206102540729323,1.2502562124292567,8.083294128096597,1.258,4.935,1982.594
4.206345410928988,1.2516100137748314,8.112012405748343,1.2575,4.935,1989.328
4.20659991379634,1.2494910904917005,8.118068924700934,1.2564,4.935,1996.094
4.2067938733311845,1.2501042464222183,8.125134904320953,1.2558,4.935,2002.766
4.207234018500616,1.2489107030696767,8.15588545641558,1.2553,4.935,2009.469
4.207730733979818,1.249040544591774,8.158216118925147,1.2547,4.935,2016.25
4.205725328035883,1.2292040212833035,8.175877351143235,1.2362,4.922,2022.984
4.205636907909408,1.227929329551033,8.184896244056292,1.2351,4.922,2029.734
4.205696487232921,1.2274481769215033,8.190916146294045,1.2346,4.922,2036.438
4.2061529585476825,1.2288669599320174,8.19315455005773,1.234,4.922,2043.203
4.206299719798009,1.2283919209907734,8.2177368683292,1.234,4.922,2049.891
4.206589902824825,1.2259163563729505,8.223656674068177,1.2329,4.922,2056.656
4.204788162100029,1.2079415270005676,8.224981932204292,1.2149,4.91,2063.328
4.2048393258443655,1.208881263812577,8.23664192933704,1.2144,4.91,2070.078
4.204983476966863,1.2082206393067112,8.265413684465742,1.2138,4.91,2076.813
4.205314694480803,1.2074590470317432,8.273096182251669,1.2133,4.91,2083.547
4.205331194833581,1.205013859340761,8.26954224760562,1.2128,4.91,2090.359
4.2060215045096045,1.2050737733337535,8.274290963964445,1.2128,4.91,2097.031
4.205898826437269,1.2051710914708595,8.290366632752294,1.2122,4.91,2103.781
4.206438557653505,1.2048171733068083,8.29222591226935,1.2111,4.91,2110.578
4.206858376630098,1.2029331331446618,8.31766892398143,1.2106,4.91,2117.344
4.207083463033557,1.2027119098444041,8.337904681140241,1.21,4.91,2124.047
4.207479377247486,1.200586365179193,8.30929454606827,1.2089,4.91,2130.844
4.207896606484026,1.2008129762227584,8.313596934632416,1.2079,4.91,2137.75
4.205930081084122,1.1837473959376448,8.328151824114448,1.1893,4.897,2144.516
4.206198749752288,1.181374728685037,8.337567138332828,1.1888,4.897,2151.25
4.206454874521406,1.1815577679534242,8.336113493751133,1.1882,4.897,2158.078
4.206691129876045,1.180880809503808,8.348938184727658,1.1871,4.897,2164.828
4.206904652345374,1.1822784968508724,8.348269955802794,1.1866,4.897,2171.563
4.2074288528194135,1.1794902125493747,8.370750227113964,1.1855,4.897,2178.281
4.207753130249845,1.1794344802009433,8.374428641207174,1.185,4.897,2185.0
4.205558041180009,1.159546514873851,8.38591621056704,1.1648,4.884,2191.719
4.205765904814009,1.1579694098317834,8.412211324849858,1.1648,4.884,2198.422
4.205913418083812,1.1585522611005041,8.406959605730519,1.1637,4.884,2205.141
4.20625868378541,1.1576521031747797,8.409901949069333,1.1632,4.884,2211.984
4.206431650041385,1.1573480072374027,8.414993301419074,1.1626,4.884,2218.719
4.206778024373195,1.1569390671163093,8.437202578881715,1.1621,4.884,2225.516
4.207050689323084,1.1550790991000437,8.446948692418516,1.1615,4.884,2232.297
4.207321460864189,1.1544826990570245,8.442407604348746,1.1615,4.884,2239.063
4.207766673633151,1.1551318226105205,8.448308864847457,1.1604,4.884,2245.781
4.206124299722696,1.1357121147206544,8.472434624118355,1.1414,4.872,2252.484
4.206148851769907,1.1344897115098085,8.473354496304554,1.1419,4.872,2259.172
4.206294228945402,1.1334914106269802,8.497944269665295,1.1414,4.872,2265.875
4.206588135744723,1.134422807099827,8.525163725150561,1.1403,4.872,2272.563
4.206950089109875,1.135730489128792,8.52358682710285,1.1397,4.872,2279.297
4.207329700936943,1.1328655504232306,8.502812093179674,1.1392,4.872,2285.984
4.207662554868112,1.132094895398771,8.50562592641125,1.1386,4.872,2292.719
4.20808514777666,1.1332385255631707,8.521956372452266,1.1381,4.872,2299.5
4.208565614387516,1.1314122770237545,8.522733445458856,1.1375,4.872,2306.25
4.206700293579629,1.1133733428041697,8.516698181749216,1.1185,4.859,2313.016
4.206817739192154,1.1127890946415095,8.522211435387652,1.1179,4.859,2319.844
4.207087764698118,1.110437333158737,8.54040110612342,1.1168,4.859,2326.563
4.207441659607853,1.1116449092953435,8.534629690660072,1.1168,4.859,2333.344
4.20783852346958,1.1102040194102858,8.55253040205522,1.1163,4.859,2340.078
4.205958384804951,1.091094784727306,8.56798096644182,1.0977,4.846,2346.891
4.206037324521948,1.0916035208872295,8.578783594880894,1.0972,4.846,2353.594
4.206226408263723,1.0893543736701592,8.57631569412712,1.0967,4.846,2360.328
4.206466685243212,1.0902833232469191,8.586294847140374,1.0956,4.846,2367.016
4.206968219035716,1.0905428259002063,8.599713890662462,1.0956,4.846,2373.766
4.207287512130173,1.0891773787328696,8.60404802887056,1.095,4.846,2380.5
4.207779301409834,1.0889529368403124,8.62626513313822,1.0939,4.846,2387.297
4.205707966802421,1.068606855964397,8.611566980097582,1.0743,4.834,2393.984
4.205786545584057,1.068327769350479,8.610718980871901,1.0743,4.834,2400.688
4.206013433023289,1.0680870402370934,8.66338908537838,1.0732,4.834,2407.484
4.206349106949327,1.0663037865372933,8.651557501269401,1.0727,4.834,2414.281
4.2065081445964765,1.0675005565703972,8.648784302019063,1.0721,4.834,2420.984
4.20696068698281,1.0672057783543512,8.697485182203577,1.0716,4.834,2427.766
4.207289878214714,1.065957054972924,8.681143110101965,1.071,4.834,2434.5
4.20776108734144,1.0662413465912646,8.677647553239629,1.0705,4.834,2441.25
4.208101674644557,1.0633787028164385,8.686047992529753,1.0699,4.834,2447.984
4.208681271418157,1.0643202840278119,8.689871927810739,1.0689,4.834,2454.719
4.20675984800392,1.0458033438430772,8.684865949324106,1.0498,4.821,2461.469
4.207094470516643,1.0447355868729762,8.706716123817362,1.0498,4.821,2468.203
4.207316429302644,1.0440585789355543,8.70084529788721,1.0492,4.821,2474.953
4.207448816920449,1.043020322032018,8.701356657148668,1.0481,4.821,2481.688
4.208089094476689,1.0424936519613068,8.703201614485687,1.0476,4.821,2488.453
4.208309051004867,1.0417586422314047,8.69014357235678,1.0471,4.821,2495.203
4.208677651130018,1.0417050747058574,8.718710295528345,1.0454,4.821,2501.938
4.207006895185612,1.0207863937300186,8.721699113395164,1.0274,4.808,2508.672
4.207009098282409,1.022583108139324,8.73452493572926,1.0269,4.808,2515.406
4.207321640071291,1.0210391288515508,8.746807017303516,1.0258,4.808,2522.094
4.207599405002724,1.019542449259415,8.760725204183341,1.0252,4.808,2528.781
4.207912939260647,1.0213341500888304,8.757866439636938,1.0252,4.808,2535.469
4.2083848949486,1.0185392218518392,8.782120245019591,1.0242,4.808,2542.172
4.208905654442245,1.019041842316638,8.755064393674461,1.0236,4.808,2548.875
4.207025804983152,0.999632683648874,8.762656586295634,1.0045,4.796,2555.594
4.207177946980204,0.9989530863516707,8.76219222873624,1.004,4.796,2562.422
4.207451090873677,0.9967552471940452,8.770212927398306,1.0034,4.796,2569.156
4.207775719868799,0.9978681691691923,8.781634415879166,1.0024,4.796,2575.922
4.208039917831436,0.9975579843843069,8.792951157818383,1.0018,4.796,2582.625
4.208495842895298,0.9957447134374776,8.792164516380875,1.0013,4.796,2589.297
4.20893030098144,0.9939406022771985,8.793624097800858,1.0007,4.796,2596.063
4.209340978989035,0.9959483225184845,8.790461447182393,0.9996,4.796,2602.875
4.209819538352483,0.9937503880223677,8.783854870484554,0.9985,4.796,2609.625
4.207633403385315,0.9734013417207474,8.748472349718133,0.9789,4.783,2616.313
4.208066766721406,0.9722721686310095,8.71748282615002,0.9784,4.783,2623.016
4.208461372964575,0.9738127513616913,8.59882257621674,0.9773,4.783,2629.719
4.208629607444326,0.9706977506799609,8.511493269116782,0.9767,4.783,2636.422
4.206911528497695,0.9536251421202008,8.406293242576245,0.9577,4.77,2643.141
4.207099558486021,0.9531538398588815,8.20930278222769,0.9571,4.77,2649.906
4.207612329002345,0.9517882520822303,8.091587027806101,0.9566,4.77,2656.656
4.208112646315616,0.9486757906694886,8.093555594169871,0.9555,4.77,2663.391
4.208509456612557,0.9510940218931224,8.034504383558081,0.9549,4.77,2670.094
4.2088658708374735,0.9479246257241617,7.939029192019913,0.9538,4.77,2676.781
4.207482912962334,0.9296188290111425,7.881462126139279,0.9353,4.757,2683.5
4.20782313206099,0.929894041520463,7.800319651309234,0.9348,4.757,2690.203
4.208281913772706,0.9292982181414093,7.722199073666716,0.9337,4.757,2696.906
4.208690535151087,0.9272372221806182,7.6506925181568874,0.9331,4.757,2703.609
4.207028687026009,0.9089276297326622,7.548695930806421,0.9135,4.745,2710.313
4.207343793863917,0.9078583634946467,7.448608520276965,0.9124,4.745,2717.031
4.208016918561416,0.909948374413994,7.432280842250988,0.9119,4.745,2723.719
4.208489634606887,0.9064792467472438,7.390959765839584,0.9102,4.745,2730.453
4.209022769043391,0.9059257113703102,7.369255043171376,0.9102,4.745,2737.219
4.209865117784342,0.9043454753166293,7.291596243468588,0.9091,4.745,2743.953
4.208046370968543,0.8829110058524875,7.235303576142797,0.889,4.732,2750.672
4.208450736098302,0.8827565437139956,7.213501797507502,0.8879,4.732,2757.406
4.208952198749442,0.8819494245199646,7.097619632961081,0.8868,4.732,2764.141
4.209535598197316,0.880147911697823,7.055191989319718,0.8863,4.732,2770.891
4.21014391970806,0.8804851800669289,6.964349034778224,0.8852,4.732,2777.609
4.208472190762712,0.8620435407530859,6.953369593788305,0.8661,4.719,2784.375
4.209080777995191,0.8601874456400438,6.853984941808096,0.8655,4.719,2791.125
4.207124054748284,0.8416528274956213,6.773454967442188,0.8459,4.707,2797.859
4.207405910605662,0.8396227965777738,6.714374060170097,0.8448,4.707,2804.578
4.20789143710552,0.8389965658666882,6.704453991406101,0.8437,4.707,2811.313
4.208437346992244,0.8381526864968738,6.688474959003167,0.8432,4.707,2818.047
4.2090484958619845,0.8349247445746627,6.760438837988312,0.8421,4.707,2824.813
4.209585347463432,0.8386036403284215,6.824229152588199,0.8416,4.707,2831.531
4.20781981223536,0.8181872297365133,6.860319980258425,0.8225,4.694,2838.266
4.207979946308647,0.8166229787317196,6.889688565618853,0.8219,4.694,2845.0
4.208610228830475,0.81471993197402,6.925905426041553,0.8208,4.694,2851.719
4.208929609337723,0.813922862943208,6.938993122516105,0.8203,4.694,2858.406
4.209624609526641,0.8138559862282788,6.97120100589634,0.8192,4.694,2865.078
4.207592650921215,0.7965761196905574,6.9989831014871555,0.7996,4.681,2871.766
4.207551749138114,0.7947448385328617,7.030084186156106,0.799,4.681,2878.5
4.207898577494694,0.7940788350473795,7.042390565751095,0.798,4.681,2885.266
4.20832574035178,0.7922709904191408,7.066687389619398,0.7974,4.681,2892.0
4.208662105017544,0.7908140593374231,7.043584407269146,0.7963,4.681,2898.734
4.209169270492631,0.7917433069172695,7.048995619049263,0.7958,4.681,2905.469
4.209685955331048,0.7924840617370094,7.055296814317111,0.7958,4.681,2912.203
4.207747720693968,0.7728387925129188,7.075344548044722,0.7767,4.669,2918.984
4.207921131566562,0.7723399191831837,7.080962795480097,0.7761,4.669,2925.641
4.208228488835358,0.7722816414584159,7.089270389650748,0.7751,4.669,2932.344
4.208520425865853,0.7699157501801434,7.075094486764293,0.7745,4.669,2939.047
4.208919651825846,0.7708932127966078,7.072150977508205,0.774,4.669,2945.75
4.209437210989202,0.7707036940921083,7.060075016659812,0.7734,4.669,2952.453
4.209880754805286,0.7683507485918686,7.054779675948788,0.7723,4.669,2959.141
4.210187995298743,0.7670096969926263,7.064491936569414,0.7723,4.669,2965.875
4.210541318519113,0.766831687391343,7.0614129628821125,0.7712,4.669,2972.656
4.211162515059272,0.7662465141788645,7.05975408747618,0.7707,4.669,2979.359
4.2092553901148975,0.7484447061644934,7.084399518788057,0.7522,4.656,2986.063
4.209679482110671,0.7475151914370141,7.1012630224345035,0.7516,4.656,2992.781
4.207525014255173,0.729160218303036,7.099759661610254,0.7331,4.643,2999.469
4.207439162164032,0.7293246628694069,7.085233856836297,0.7325,4.643,3006.172
4.207577617268974,0.7271814163743634,7.095943780467305,0.7315,4.643,3012.875
4.207928323761465,0.7265646399319534,7.072055981742619,0.7315,4.643,3019.578
4.208271062596024,0.7278821415387804,7.081296208591431,0.7309,4.643,3026.297
4.208538865082551,0.7265819388064142,7.100196847839802,0.7304,4.643,3032.969
4.208998346224055,0.725882732496721,7.104495620715936,0.7298,4.643,3039.719
4.2091867826500415,0.7258287324537834,7.108631737335507,0.7293,4.643,3046.422
4.20962084419036,0.7239659729736679,7.107705796478035,0.7287,4.643,3053.109
4.207572495552587,0.7033210979450777,7.120421776162954,0.7096,4.631,3059.828
4.207605373512838,0.7067671750083934,7.10112984876758,0.7091,4.631,3066.563
4.207799650444011,0.7065627485057533,7.107857401461572,0.7086,4.631,3073.266
4.208229241576782,0.7052688464632644,7.116503244878444,0.708,4.631,3079.969
4.208523691598207,0.7049165373089634,7.111706546116817,0.7075,4.631,3086.688
4.208760558143028,0.704346505303578,7.099041993557277,0.7069,4.631,3093.391
4.208970037358384,0.7027382697879551,7.105054920563372,0.7064,4.631,3100.094
4.209437758882341,0.7025937357837821,7.126521302027365,0.7058,4.631,3106.781
4.20983672844728,0.7011745925226877,7.137111700688282,0.7053,4.631,3113.484
4.210278587144593,0.700596457521033,7.141292314750091,0.7047,4.631,3120.203
4.210544647352465,0.7002414671913438,7.129579292680259,0.7042,4.631,3126.906
4.2110520288289495,0.7000575425753993,7.145048094886626,0.7037,4.631,3133.609
4.20906256365656,0.6812513415260215,7.1462911399908275,0.6846,4.618,3140.297
4.209167561825206,0.6827529158903904,7.153370157306317,0.6846,4.618,3147.0
4.2093362429655246,0.6804442392236141,7.145129769050585,0.684,4.618,3153.75
4.209711663789276,0.680185602900605,7.154309858931077,0.6835,4.618,3160.453
4.209941956807112,0.6787235731408517,7.156450421358297,0.6829,4.618,3167.141
4.210345234924492,0.6784476681686933,7.172179415976153,0.6829,4.618,3173.844
4.210756878732976,0.6773221738880006,7.164020647787074,0.6818,4.618,3180.531
4.208575952051734,0.6598836478809289,7.162181778253485,0.6639,4.605,3187.25
4.208690026631589,0.6606928041418246,7.160942065545037,0.6633,4.605,3193.953
4.209088352283191,0.6609910619616248,7.1738799442624055,0.6633,4.605,3200.641
4.209094107677033,0.6578662722488561,7.18371928769324,0.6628,4.605,3207.344
4.209431962210701,0.6573990793620401,7.173351784092455,0.6622,4.605,3214.047
4.209850942333711,0.6582319590475575,7.187667265034714,0.6617,4.605,3220.797
4.210000142907812,0.6581232099571203,7.195351340813525,0.6611,4.605,3227.5
4.210408217552331,0.6570469836451465,7.1801279275590035,0.6606,4.605,3234.188
4.210798856506774,0.6566600902288389,7.190745492335652,0.66,4.605,3240.891
4.20867262710202,0.6394753951181507,7.210077219844334,0.6415,4.593,3247.594
4.208638681103403,0.6388764449245079,7.2114512057226925,0.6415,4.593,3254.313
4.208953805926871,0.6374448740122999,7.218869329931251,0.641,4.593,3261.016
4.209104420366106,0.6378097981247027,7.234253541937728,0.641,4.593,3267.703
4.209395028044298,0.6350578997023376,7.222465704505624,0.6404,4.593,3274.406
4.209685125517817,0.6355393414235965,7.231577960727287,0.6399,4.593,3281.109
4.209958463765315,0.6352392951943261,7.236763363057198,0.6393,4.593,3287.844
4.21022027780956,0.6348929612378766,7.236655818949884,0.6388,4.593,3294.516
4.210556450582283,0.6340451007232336,7.221765231430934,0.6382,4.593,3301.25
4.210679497556942,0.6353614855919854,7.23514556326459,0.6377,4.593,3307.938
4.211039151176997,0.6339195134034816,7.242194264673003,0.6372,4.593,3314.641
4.21151537305352,0.63463415501017,7.224539476844508,0.6361,4.593,3321.328
4.211707731174771,0.6335553656088909,7.229987985171365,0.6355,4.593,3328.031
4.209876845640915,0.6155182166886466,7.23050193264257,0.6192,4.58,3334.781
